{
  "project_info": {
    "project_number": "702942757276",
    "project_id": "eodtask-e3aa5",
    "storage_bucket": "eodtask-e3aa5.appspot.com"
  },
  "client": [
    {
      "client_info": {
        "mobilesdk_app_id": "1:702942757276:android:8a6146085bf8f2d4a40859",
        "android_client_info": {
          "package_name": "com.example.eod"
        }
      },
      "oauth_client": [
        {
          "client_id": "702942757276-ru2aio6f7sti65s25dplhf3ioc1pafaf.apps.googleusercontent.com",
          "client_type": 1,
          "android_info": {
            "package_name": "com.example.eod",
            "certificate_hash": "58cc1f7e0c69209c7fc76ec676ff0ca8f7479a61"
          }
        },
        {
          "client_id": "702942757276-t2r4l73kvb2ea3sb3fjdr26i87r7ogaq.apps.googleusercontent.com",
          "client_type": 3
        }
      ],
      "api_key": [
        {
          "current_key": "AIzaSyATp8Vhqnihhd2opV-d2GnX-9FNi7xBiaE"
        }
      ],
      "services": {
        "appinvite_service": {
          "other_platform_oauth_client": [
            {
              "client_id": "702942757276-t2r4l73kvb2ea3sb3fjdr26i87r7ogaq.apps.googleusercontent.com",
              "client_type": 3
            }
          ]
        }
      }
    }
  ],
  "configuration_version": "1"
}