{
  "subjects": {
    "cbse": {
      "english": {
        "1": [
          {
            "color": "#166B3F",
            "icon": "https://firebasestorage.googleapis.com/v0/b/iprep-7f10a.appspot.com/o/subject_icon%2F%E0%A4%97%E0%A4%A3%E0%A4%BF%E0%A4%A4.png?alt=media&token=3eedd4f8-751c-4ed0-8940-5f2b210f09ed",
            "id": "math",
            "name": "Math",
            "short_name": "Math"
          }
        ],
        "2": [
          {
            "color": "#166B3F",
            "icon": "https://firebasestorage.googleapis.com/v0/b/iprep-7f10a.appspot.com/o/subject_icon%2F%E0%A4%97%E0%A4%A3%E0%A4%BF%E0%A4%A4.png?alt=media&token=3eedd4f8-751c-4ed0-8940-5f2b210f09ed",
            "id": "math",
            "name": "Math",
            "short_name": "Math"
          }
        ],
        "3": [
          {
            "color": "#166B3F",
            "icon": "https://firebasestorage.googleapis.com/v0/b/iprep-7f10a.appspot.com/o/subject_icon%2F%E0%A4%97%E0%A4%A3%E0%A4%BF%E0%A4%A4.png?alt=media&token=3eedd4f8-751c-4ed0-8940-5f2b210f09ed",
            "id": "math",
            "name": "Math",
            "short_name": "Math"
          }
        ],
        "4": [
          {
            "color": "#166B3F",
            "icon": "https://firebasestorage.googleapis.com/v0/b/iprep-7f10a.appspot.com/o/subject_icon%2F%E0%A4%97%E0%A4%A3%E0%A4%BF%E0%A4%A4.png?alt=media&token=3eedd4f8-751c-4ed0-8940-5f2b210f09ed",
            "id": "math",
            "name": "Math",
            "short_name": "Math"
          }
        ],
        "5": [
          {
            "color": "#E67736",
            "icon": "https://firebasestorage.googleapis.com/v0/b/iprep-7f10a.appspot.com/o/subject_icon%2FEnglish%20Grammar.png?alt=media&token=f75d03d6-0a80-41e0-93dd-1e33d503cea3",
            "id": "english_grammar",
            "name": "English Grammar",
            "short_name": "Grammar"
          },
          {
            "color": "#2E6AB2",
            "icon": "https://firebasestorage.googleapis.com/v0/b/iprep-7f10a.appspot.com/o/subject_icon%2Ficon_id%2Fevs.png?alt=media&token=3fad2ad0-4d8d-4bb9-adff-b2f99a97bd7c",
            "id": "evs",
            "name": "EVS",
            "short_name": "EVS"
          },
          {
            "color": "#166B3F",
            "icon": "https://firebasestorage.googleapis.com/v0/b/iprep-7f10a.appspot.com/o/subject_icon%2F%E0%A4%97%E0%A4%A3%E0%A4%BF%E0%A4%A4.png?alt=media&token=3eedd4f8-751c-4ed0-8940-5f2b210f09ed",
            "id": "math",
            "name": "Math",
            "short_name": "Math"
          }
        ],
        "6": [
          {
            "color": "#e5980a",
            "icon": "https://firebasestorage.googleapis.com/v0/b/iprep-7f10a.appspot.com/o/subject_icon%2F%E0%A4%87%E0%A4%A4%E0%A4%BF%E0%A4%B9%E0%A4%BE%E0%A4%B8.png?alt=media&token=10d5cdc7-7cbf-4e48-90c6-32144424bea5",
            "id": "history",
            "name": "History",
            "short_name": "History"
          },
          {
            "color": "#166B3F",
            "icon": "https://firebasestorage.googleapis.com/v0/b/iprep-7f10a.appspot.com/o/subject_icon%2F%E0%A4%97%E0%A4%A3%E0%A4%BF%E0%A4%A4.png?alt=media&token=3eedd4f8-751c-4ed0-8940-5f2b210f09ed",
            "id": "math",
            "name": "Math",
            "short_name": "Math"
          },
          {
            "color": "#247BB3",
            "icon": "https://firebasestorage.googleapis.com/v0/b/iprep-7f10a.appspot.com/o/subject_icon%2F%E0%A4%B5%E0%A4%BF%E0%A4%9C%E0%A5%8D%E0%A4%9E%E0%A4%BE%E0%A4%A8.png?alt=media&token=a7e41736-1e8b-4bcb-b5e1-f694719c9964",
            "id": "science",
            "name": "Science",
            "short_name": "Science"
          }
        ]
      }
    }
  },
  "topics": {
    "cbse": {
      "english": {
        "1": {
          "subjects": {
            "math": {
              "books_ncert": [
                {
                  "name": "Math Magic",
                  "topics": [
                    {
                      "detail": "",
                      "id": "31",
                      "name": "Index",
                      "offlineLink": "",
                      "offlineThumbnail": "",
                      "onlineLink": "https://firebasestorage.googleapis.com/v0/b/iprep-cad1e.appspot.com/o/Digital%20Books%2FSyllabus%20Books%2FNCERT%20Books%2FNCERT%20Books%20in%20English%2FMathematics%2FClass%201%2FIndex.pdf?alt=media&token=7e2b76ea-952c-4480-81ab-cda960ddc027",
                      "thumbnail": "Not Available",
                      "topicName": "Math Magic"
                    },
                    {
                      "detail": "",
                      "id": "32",
                      "name": "Teacher's note",
                      "offlineLink": "",
                      "offlineThumbnail": "",
                      "onlineLink": "https://firebasestorage.googleapis.com/v0/b/iprep-cad1e.appspot.com/o/Digital%20Books%2FSyllabus%20Books%2FNCERT%20Books%2FNCERT%20Books%20in%20English%2FMathematics%2FClass%201%2FTeacher's%20Notes.pdf?alt=media&token=ea9fcedd-57c5-460c-b922-da9f46c9c337",
                      "thumbnail": "Not Available",
                      "topicName": "Math Magic"
                    },
                    {
                      "detail": "",
                      "id": "33",
                      "name": "Chapter 1- Shapes and Space",
                      "offlineLink": "",
                      "offlineThumbnail": "",
                      "onlineLink": "https://firebasestorage.googleapis.com/v0/b/iprep-cad1e.appspot.com/o/Digital%20Books%2FSyllabus%20Books%2FNCERT%20Books%2FNCERT%20Books%20in%20English%2FMathematics%2FClass%201%2FChapter%201-%20Shapes%20and%20Space.pdf?alt=media&token=29dbcd78-21c9-4aad-8f19-021e76dfab55",
                      "thumbnail": "Not Available",
                      "topicName": "Math Magic"
                    }
                  ]
                }
              ],
              "video_lessons": [
                {
                  "name": "Shapes and Space",
                  "topics": [
                    {
                      "detail": "",
                      "id": "2574",
                      "name": "Comparison",
                      "offlineLink": "",
                      "offlineThumbnail": "",
                      "onlineLink": "https://vimeo.com/417726914",
                      "thumbnail": "",
                      "topicName": "Shapes and Space"
                    },
                    {
                      "detail": "",
                      "id": "2575",
                      "name": "Shapes and Space",
                      "offlineLink": "",
                      "offlineThumbnail": "",
                      "onlineLink": "https://vimeo.com/417723220",
                      "thumbnail": "",
                      "topicName": "Shapes and Space"
                    }
                  ]
                },
                {
                  "name": "Numbers from One to Nine",
                  "topics": [
                    {
                      "detail": "",
                      "id": "2576",
                      "name": "Numbers From 1 to 9",
                      "offlineLink": "",
                      "offlineThumbnail": "",
                      "onlineLink": "https://vimeo.com/417723480",
                      "thumbnail": "",
                      "topicName": "Numbers from One to Nine"
                    }
                  ]
                },
                {
                  "name": "Addition",
                  "topics": [
                    {
                      "detail": "",
                      "id": "2577",
                      "name": "Addition",
                      "offlineLink": "",
                      "offlineThumbnail": "",
                      "onlineLink": "https://vimeo.com/417723700",
                      "thumbnail": "",
                      "topicName": "Addition"
                    }
                  ]
                },
                {
                  "name": "Subtraction",
                  "topics": [
                    {
                      "detail": "",
                      "id": "2578",
                      "name": "Subtraction",
                      "offlineLink": "",
                      "offlineThumbnail": "",
                      "onlineLink": "https://vimeo.com/417724042",
                      "thumbnail": "",
                      "topicName": "Subtraction"
                    }
                  ]
                },
                {
                  "name": "Numbers from Ten to Twenty",
                  "topics": [
                    {
                      "detail": "",
                      "id": "2579",
                      "name": "Numbers From 10 to 20",
                      "offlineLink": "",
                      "offlineThumbnail": "",
                      "onlineLink": "https://vimeo.com/417724231",
                      "thumbnail": "",
                      "topicName": "Numbers from Ten to Twenty"
                    }
                  ]
                },
                {
                  "name": "Time",
                  "topics": [
                    {
                      "detail": "",
                      "id": "2580",
                      "name": "Time",
                      "offlineLink": "",
                      "offlineThumbnail": "",
                      "onlineLink": "https://vimeo.com/417725014",
                      "thumbnail": "",
                      "topicName": "Time"
                    }
                  ]
                },
                {
                  "name": "Measurement",
                  "topics": [
                    {
                      "detail": "",
                      "id": "2581",
                      "name": "Measurement",
                      "offlineLink": "",
                      "offlineThumbnail": "",
                      "onlineLink": "https://vimeo.com/485383832",
                      "thumbnail": "",
                      "topicName": "Measurement"
                    }
                  ]
                },
                {
                  "name": "Numbers from Twenty One to Fifty",
                  "topics": [
                    {
                      "detail": "",
                      "id": "2582",
                      "name": "Numbers from Twenty One to Fifty",
                      "offlineLink": "",
                      "offlineThumbnail": "",
                      "onlineLink": "https://vimeo.com/417725583",
                      "thumbnail": "",
                      "topicName": "Numbers from Twenty One to Fifty"
                    }
                  ]
                },
                {
                  "name": "Data Handling",
                  "topics": [
                    {
                      "detail": "",
                      "id": "2583",
                      "name": "Data Handling",
                      "offlineLink": "",
                      "offlineThumbnail": "",
                      "onlineLink": "https://vimeo.com/417725842",
                      "thumbnail": "",
                      "topicName": "Data Handling"
                    }
                  ]
                },
                {
                  "name": "Patterns",
                  "topics": [
                    {
                      "detail": "",
                      "id": "2584",
                      "name": "Patterns",
                      "offlineLink": "",
                      "offlineThumbnail": "",
                      "onlineLink": "https://vimeo.com/417726014",
                      "thumbnail": "",
                      "topicName": "Patterns"
                    }
                  ]
                },
                {
                  "name": "Numbers",
                  "topics": [
                    {
                      "detail": "",
                      "id": "2585",
                      "name": "Numbers",
                      "offlineLink": "",
                      "offlineThumbnail": "",
                      "onlineLink": "https://vimeo.com/417726270",
                      "thumbnail": "",
                      "topicName": "Numbers"
                    }
                  ]
                },
                {
                  "name": "Money",
                  "topics": [
                    {
                      "detail": "",
                      "id": "2586",
                      "name": "Money",
                      "offlineLink": "",
                      "offlineThumbnail": "",
                      "onlineLink": "https://vimeo.com/417726446",
                      "thumbnail": "",
                      "topicName": "Money"
                    }
                  ]
                },
                {
                  "name": "How Many",
                  "topics": [
                    {
                      "detail": "",
                      "id": "2587",
                      "name": "How Many",
                      "offlineLink": "",
                      "offlineThumbnail": "",
                      "onlineLink": "https://vimeo.com/417726746",
                      "thumbnail": "",
                      "topicName": "How Many"
                    }
                  ]
                }
              ]
            }
          }
        },
        "2": {
          "subjects": {
            
            "math": {
              "books_ncert": [
                {
                  "name": "Math Magic",
                  "topics": [
                    {
                      "detail": "",
                      "id": "73",
                      "name": "Index",
                      "offlineLink": "",
                      "offlineThumbnail": "",
                      "onlineLink": "https://firebasestorage.googleapis.com/v0/b/iprep-cad1e.appspot.com/o/Digital%20Books%2FSyllabus%20Books%2FNCERT%20Books%2FNCERT%20Books%20in%20English%2FMathematics%2FClass%202%2FIndex.pdf?alt=media&token=204da4de-648c-4c63-87cd-c5f5a7d1189c",
                      "thumbnail": "Not Available",
                      "topicName": "Math Magic"
                    },
                    {
                      "detail": "",
                      "id": "74",
                      "name": "Chapter 1- Shapes and Space",
                      "offlineLink": "",
                      "offlineThumbnail": "",
                      "onlineLink": "gs://iprep-cad1e.appspot.com/Digital Books/Syllabus Books/NCERT Books/NCERT Books in English/Mathematics/Class 2/Chapter 1- Shapes and Space.pdf",
                      "thumbnail": "Not Available",
                      "topicName": "Math Magic"
                    },
                    {
                      "detail": "",
                      "id": "75",
                      "name": "Chapter 2- Counting in Groups",
                      "offlineLink": "",
                      "offlineThumbnail": "",
                      "onlineLink": "https://firebasestorage.googleapis.com/v0/b/iprep-cad1e.appspot.com/o/Digital%20Books%2FSyllabus%20Books%2FNCERT%20Books%2FNCERT%20Books%20in%20English%2FMathematics%2FClass%202%2FChapter%202-%20Counting%20in%20Groups.pdf?alt=media&token=27ec3e4d-fede-4d12-a78e-9cb307e6b1c6",
                      "thumbnail": "Not Available",
                      "topicName": "Math Magic"
                    }
                  ]
                }
              ],
              "video_lessons": [
                {
                  "name": "What is Long, What is Round?",
                  "topics": [
                    {
                      "detail": "",
                      "id": "2588",
                      "name": "What is Long, What is Round?",
                      "offlineLink": "",
                      "offlineThumbnail": "",
                      "onlineLink": "https://vimeo.com/417774698",
                      "thumbnail": "",
                      "topicName": "What is Long, What is Round?"
                    }
                  ]
                },
                {
                  "name": "Counting in Groups",
                  "topics": [
                    {
                      "detail": "",
                      "id": "2589",
                      "name": "Counting in Groups",
                      "offlineLink": "",
                      "offlineThumbnail": "",
                      "onlineLink": "https://vimeo.com/417775358",
                      "thumbnail": "",
                      "topicName": "Counting in Groups"
                    },
                    {
                      "detail": "",
                      "id": "2590",
                      "name": "Numbers",
                      "offlineLink": "",
                      "offlineThumbnail": "",
                      "onlineLink": "https://vimeo.com/417783130",
                      "thumbnail": "",
                      "topicName": "Counting in Groups"
                    }
                  ]
                }
              ]
            }
          }
        },
        "3": {
          "subjects": {
            
            "math": {
              "books_ncert": [
                {
                  "name": "Mathematics",
                  "topics": [
                    {
                      "detail": "",
                      "id": "100",
                      "name": "Index",
                      "offlineLink": "",
                      "offlineThumbnail": "",
                      "onlineLink": "https://firebasestorage.googleapis.com/v0/b/iprep-cad1e.appspot.com/o/Digital%20Books%2FSyllabus%20Books%2FNCERT%20Books%2FNCERT%20Books%20in%20English%2FMathematics%2FClass%203%2FIndex.pdf?alt=media&token=5e808e9c-2e7a-43c0-95bb-19255f1a6b0e",
                      "thumbnail": "Not Available",
                      "topicName": "Mathematics"
                    },
                    {
                      "detail": "",
                      "id": "101",
                      "name": "Chapter 1- Where to Look From",
                      "offlineLink": "",
                      "offlineThumbnail": "",
                      "onlineLink": "https://firebasestorage.googleapis.com/v0/b/iprep-cad1e.appspot.com/o/Digital%20Books%2FSyllabus%20Books%2FNCERT%20Books%2FNCERT%20Books%20in%20English%2FMathematics%2FClass%203%2FChapter%201-%20Where%20to%20Look%20From.pdf?alt=media&token=34646f63-b4c4-4ba0-bd8c-4877d8c9954d",
                      "thumbnail": "Not Available",
                      "topicName": "Mathematics"
                    }
                  ]
                }
              ],
              "video_lessons": [
                {
                  "name": "Where to Look From",
                  "topics": [
                    {
                      "detail": "",
                      "id": "2607",
                      "name": "Where to Look From",
                      "offlineLink": "",
                      "offlineThumbnail": "",
                      "onlineLink": "https://vimeo.com/418154475",
                      "thumbnail": "",
                      "topicName": "Where to Look From"
                    }
                  ]
                },
                {
                  "name": "Fun With Numbers",
                  "topics": [
                    {
                      "detail": "",
                      "id": "2608",
                      "name": "Fun With Numbers",
                      "offlineLink": "",
                      "offlineThumbnail": "",
                      "onlineLink": "https://vimeo.com/418155347",
                      "thumbnail": "",
                      "topicName": "Fun With Numbers"
                    },
                    {
                      "detail": "",
                      "id": "2609",
                      "name": "Number Facts",
                      "offlineLink": "",
                      "offlineThumbnail": "",
                      "onlineLink": "https://vimeo.com/418179103",
                      "thumbnail": "",
                      "topicName": "Fun With Numbers"
                    },
                    {
                      "detail": "",
                      "id": "2610",
                      "name": "Numbering Systems",
                      "offlineLink": "",
                      "offlineThumbnail": "",
                      "onlineLink": "https://vimeo.com/418558469",
                      "thumbnail": "",
                      "topicName": "Fun With Numbers"
                    }
                  ]
                }
              ]
            }
          }
        },
        "4": {
          "subjects": {
            "math": {
              "books_ncert": [
                {
                  "name": "Math Magic",
                  "topics": [
                    {
                      "detail": "",
                      "id": "150",
                      "name": "Index",
                      "offlineLink": "",
                      "offlineThumbnail": "",
                      "onlineLink": "https://firebasestorage.googleapis.com/v0/b/iprep-cad1e.appspot.com/o/Digital%20Books%2FSyllabus%20Books%2FNCERT%20Books%2FNCERT%20Books%20in%20English%2FMathematics%2FClass%204%2FIndex.pdf?alt=media&token=3642502f-4458-49e8-9104-46b33f13ad36",
                      "thumbnail": "Not Available",
                      "topicName": "Math Magic"
                    },
                    {
                      "detail": "",
                      "id": "151",
                      "name": "Chapter 1- Building with Bricks",
                      "offlineLink": "",
                      "offlineThumbnail": "",
                      "onlineLink": "https://firebasestorage.googleapis.com/v0/b/iprep-cad1e.appspot.com/o/Digital%20Books%2FSyllabus%20Books%2FNCERT%20Books%2FNCERT%20Books%20in%20English%2FMathematics%2FClass%204%2FChapter%201-%20Building%20with%20Bricks.pdf?alt=media&token=b1cbaa32-db07-479e-b7b6-6b311761696f",
                      "thumbnail": "Not Available",
                      "topicName": "Math Magic"
                    },
                    {
                      "detail": "",
                      "id": "152",
                      "name": "Chapter 2- Long and Short",
                      "offlineLink": "",
                      "offlineThumbnail": "",
                      "onlineLink": "https://firebasestorage.googleapis.com/v0/b/iprep-cad1e.appspot.com/o/Digital%20Books%2FSyllabus%20Books%2FNCERT%20Books%2FNCERT%20Books%20in%20English%2FMathematics%2FClass%204%2FChapter%202-%20Long%20and%20Short.pdf?alt=media&token=b7273ff4-a91b-457d-bd2e-e46b5f4fdfd4",
                      "thumbnail": "Not Available",
                      "topicName": "Math Magic"
                    }
                  ]
                }
              ],
              "video_lessons": [
                {
                  "name": "Long and Short",
                  "topics": [
                    {
                      "detail": "",
                      "id": "2625",
                      "name": "Long and Short",
                      "offlineLink": "",
                      "offlineThumbnail": "",
                      "onlineLink": "https://vimeo.com/418554566",
                      "thumbnail": "",
                      "topicName": "Long and Short"
                    }
                  ]
                },
                {
                  "name": "A Trip to Bhopal",
                  "topics": [
                    {
                      "detail": "",
                      "id": "2626",
                      "name": "A Trip to Bhopal",
                      "offlineLink": "",
                      "offlineThumbnail": "",
                      "onlineLink": "https://vimeo.com/418554785",
                      "thumbnail": "",
                      "topicName": "A Trip to Bhopal"
                    }
                  ]
                }
              ]
            }
          }
        },
        "5": {
          "subjects": {
           
            "english_grammar": {
              "video_lessons": [
                {
                  "name": "What is Grammar?",
                  "topics": [
                    {
                      "detail": "",
                      "id": "228",
                      "name": "What is Grammar?",
                      "offlineLink": "",
                      "offlineThumbnail": "",
                      "onlineLink": "https://vimeo.com/342228317",
                      "thumbnail": "",
                      "topicName": "What is Grammar?"
                    }
                  ]
                },
                {
                  "name": "The Capital Letter, Alphabets",
                  "topics": [
                    {
                      "detail": "",
                      "id": "229",
                      "name": "The Capital Letter, Alphabets",
                      "offlineLink": "",
                      "offlineThumbnail": "",
                      "onlineLink": "https://vimeo.com/342228656",
                      "thumbnail": "",
                      "topicName": "The Capital Letter, Alphabets"
                    }
                  ]
                }
              ]
            },
            "evs": {
              "books_ncert": [
                {
                  "name": "Looking Around",
                  "topics": [
                    {
                      "detail": "",
                      "id": "219",
                      "name": "Index",
                      "offlineLink": "",
                      "offlineThumbnail": "",
                      "onlineLink": "https://firebasestorage.googleapis.com/v0/b/iprep-cad1e.appspot.com/o/Digital%20Books%2FSyllabus%20Books%2FNCERT%20Books%2FNCERT%20Books%20in%20English%2FScience%2FClass%205%2FIndex.pdf?alt=media&token=268e0bbe-0aa8-46dc-9db3-bff6b88942ea",
                      "thumbnail": "Not Available",
                      "topicName": "Looking Around"
                    },
                    {
                      "detail": "",
                      "id": "220",
                      "name": "Chapter 1- Super Senses",
                      "offlineLink": "",
                      "offlineThumbnail": "",
                      "onlineLink": "https://firebasestorage.googleapis.com/v0/b/iprep-cad1e.appspot.com/o/Digital%20Books%2FSyllabus%20Books%2FNCERT%20Books%2FNCERT%20Books%20in%20English%2FScience%2FClass%205%2FChapter%201-%20Super%20Senses.pdf?alt=media&token=493f611d-1d2b-4b6a-9149-8f6f31b91275",
                      "thumbnail": "Not Available",
                      "topicName": "Looking Around"
                    }
                  ]
                }
              ],
              "video_lessons": [
                {
                  "name": "Super Senses",
                  "topics": [
                    {
                      "detail": "",
                      "id": "858",
                      "name": "Super Senses",
                      "offlineLink": "",
                      "offlineThumbnail": "",
                      "onlineLink": "https://vimeo.com/406922671",
                      "thumbnail": "",
                      "topicName": "Super Senses"
                    }
                  ]
                },
                {
                  "name": "A Snake Charmer's Story",
                  "topics": [
                    {
                      "detail": "",
                      "id": "859",
                      "name": "A Snake Charmer's Story",
                      "offlineLink": "",
                      "offlineThumbnail": "",
                      "onlineLink": "https://vimeo.com/406922810",
                      "thumbnail": "",
                      "topicName": "A Snake Charmer's Story"
                    }
                  ]
                }
              ]
            },
            "math": {
              "books_ncert": [
                {
                  "name": "Mathematics",
                  "topics": [
                    {
                      "detail": "",
                      "id": "204",
                      "name": "Index",
                      "offlineLink": "",
                      "offlineThumbnail": "",
                      "onlineLink": "https://firebasestorage.googleapis.com/v0/b/iprep-cad1e.appspot.com/o/Digital%20Books%2FSyllabus%20Books%2FNCERT%20Books%2FNCERT%20Books%20in%20English%2FMathematics%2FClass%205%2FIndex.pdf?alt=media&token=8c92cbd9-3720-4325-b0d9-bfcaaac68d4b",
                      "thumbnail": "Not Available",
                      "topicName": "Mathematics"
                    },
                    {
                      "detail": "",
                      "id": "205",
                      "name": "Chapter 1 The fish Tale",
                      "offlineLink": "",
                      "offlineThumbnail": "",
                      "onlineLink": "https://firebasestorage.googleapis.com/v0/b/iprep-cad1e.appspot.com/o/Digital%20Books%2FSyllabus%20Books%2FNCERT%20Books%2FNCERT%20Books%20in%20English%2FMathematics%2FClass%205%2FChapter%201%20The%20fish%20Tale.pdf?alt=media&token=c1efe0af-7536-4111-bb7c-d829a726c2a1",
                      "thumbnail": "Not Available",
                      "topicName": "Mathematics"
                    }
                  ]
                }
              ],
              "video_lessons": [
                {
                  "name": "The Fish Tale I",
                  "topics": [
                    {
                      "detail": "",
                      "id": "2651",
                      "name": "Introduction - The Fish Tale",
                      "offlineLink": "",
                      "offlineThumbnail": "",
                      "onlineLink": "https://vimeo.com/418625536",
                      "thumbnail": "",
                      "topicName": "The Fish Tale I"
                    },
                    {
                      "detail": "",
                      "id": "2652",
                      "name": "Objectives - The Fish Tale",
                      "offlineLink": "",
                      "offlineThumbnail": "",
                      "onlineLink": "https://vimeo.com/418625763",
                      "thumbnail": "",
                      "topicName": "The Fish Tale I"
                    },
                    {
                      "detail": "",
                      "id": "2653",
                      "name": "Shapes of Fish",
                      "offlineLink": "",
                      "offlineThumbnail": "",
                      "onlineLink": "https://vimeo.com/418625885",
                      "thumbnail": "",
                      "topicName": "The Fish Tale I"
                    },
                    {
                      "detail": "",
                      "id": "2654",
                      "name": "Schools of Fish",
                      "offlineLink": "",
                      "offlineThumbnail": "",
                      "onlineLink": "https://vimeo.com/418626116",
                      "thumbnail": "",
                      "topicName": "The Fish Tale I"
                    },
                    {
                      "detail": "",
                      "id": "2655",
                      "name": "Fishermen in Their Boats",
                      "offlineLink": "",
                      "offlineThumbnail": "",
                      "onlineLink": "https://vimeo.com/418626276",
                      "thumbnail": "",
                      "topicName": "The Fish Tale I"
                    },
                    {
                      "detail": "",
                      "id": "2656",
                      "name": "What a Catch!",
                      "offlineLink": "",
                      "offlineThumbnail": "",
                      "onlineLink": "https://vimeo.com/418626468",
                      "thumbnail": "",
                      "topicName": "The Fish Tale I"
                    },
                    {
                      "detail": "",
                      "id": "2657",
                      "name": "The Fish Market",
                      "offlineLink": "",
                      "offlineThumbnail": "",
                      "onlineLink": "https://vimeo.com/418626624",
                      "thumbnail": "",
                      "topicName": "The Fish Tale I"
                    },
                    {
                      "detail": "",
                      "id": "2658",
                      "name": "Some Big, Big Numbers!",
                      "offlineLink": "",
                      "offlineThumbnail": "",
                      "onlineLink": "https://vimeo.com/418641352",
                      "thumbnail": "",
                      "topicName": "The Fish Tale I"
                    },
                    {
                      "detail": "",
                      "id": "2659",
                      "name": "Women's Meenkar Bank",
                      "offlineLink": "",
                      "offlineThumbnail": "",
                      "onlineLink": "https://vimeo.com/418626912",
                      "thumbnail": "",
                      "topicName": "The Fish Tale I"
                    },
                    {
                      "detail": "",
                      "id": "2660",
                      "name": "Summary - The Fish Tale",
                      "offlineLink": "",
                      "offlineThumbnail": "",
                      "onlineLink": "https://vimeo.com/418627048",
                      "thumbnail": "",
                      "topicName": "The Fish Tale I"
                    }
                  ]
                },
                {
                  "name": "The Fish Tale II",
                  "topics": [
                    {
                      "detail": "",
                      "id": "2661",
                      "name": "Introduction - Money",
                      "offlineLink": "",
                      "offlineThumbnail": "",
                      "onlineLink": "https://vimeo.com/420025774",
                      "thumbnail": "",
                      "topicName": "The Fish Tale II"
                    },
                    {
                      "detail": "",
                      "id": "2662",
                      "name": "Objectives - Money",
                      "offlineLink": "",
                      "offlineThumbnail": "",
                      "onlineLink": "https://vimeo.com/420025867",
                      "thumbnail": "",
                      "topicName": "The Fish Tale II"
                    },
                    {
                      "detail": "",
                      "id": "2663",
                      "name": "Money",
                      "offlineLink": "",
                      "offlineThumbnail": "",
                      "onlineLink": "https://vimeo.com/420025914",
                      "thumbnail": "",
                      "topicName": "The Fish Tale II"
                    },
                    {
                      "detail": "",
                      "id": "2664",
                      "name": "Using Money",
                      "offlineLink": "",
                      "offlineThumbnail": "",
                      "onlineLink": "https://vimeo.com/420026010",
                      "thumbnail": "",
                      "topicName": "The Fish Tale II"
                    },
                    {
                      "detail": "",
                      "id": "2665",
                      "name": "Value of Many",
                      "offlineLink": "",
                      "offlineThumbnail": "",
                      "onlineLink": "https://vimeo.com/420026086",
                      "thumbnail": "",
                      "topicName": "The Fish Tale II"
                    },
                    {
                      "detail": "",
                      "id": "2666",
                      "name": "Value of One",
                      "offlineLink": "",
                      "offlineThumbnail": "",
                      "onlineLink": "https://vimeo.com/420026204",
                      "thumbnail": "",
                      "topicName": "The Fish Tale II"
                    },
                    {
                      "detail": "",
                      "id": "2667",
                      "name": "Miscellaneous Problems on Money",
                      "offlineLink": "",
                      "offlineThumbnail": "",
                      "onlineLink": "https://vimeo.com/420026327",
                      "thumbnail": "",
                      "topicName": "The Fish Tale II"
                    },
                    {
                      "detail": "",
                      "id": "2668",
                      "name": "Summary - Money",
                      "offlineLink": "",
                      "offlineThumbnail": "",
                      "onlineLink": "https://vimeo.com/420026479",
                      "thumbnail": "",
                      "topicName": "The Fish Tale II"
                    }
                  ]
                }
              ]
            }
          }
        },
        "6": {
          "subjects": {
            
            "history": {
              "books_ncert": [
                {
                  "name": "History-Our Past",
                  "topics": [
                    {
                      "detail": "",
                      "id": "273",
                      "name": "Index",
                      "offlineLink": "",
                      "offlineThumbnail": "",
                      "onlineLink": "https://firebasestorage.googleapis.com/v0/b/iprep-cad1e.appspot.com/o/Digital%20Books%2FSyllabus%20Books%2FNCERT%20Books%2FNCERT%20Books%20in%20English%2FSocial%20Science%2FClass%206%2FHistory%2FIndex.pdf?alt=media&token=907aeb4b-b46b-4a61-82a2-1b67e1971fa8",
                      "thumbnail": "Not Available",
                      "topicName": "History-Our Past"
                    },
                    {
                      "detail": "",
                      "id": "274",
                      "name": "Chapter 1- What, Where, How and When?",
                      "offlineLink": "",
                      "offlineThumbnail": "",
                      "onlineLink": "https://firebasestorage.googleapis.com/v0/b/iprep-cad1e.appspot.com/o/Digital%20Books%2FSyllabus%20Books%2FNCERT%20Books%2FNCERT%20Books%20in%20English%2FSocial%20Science%2FClass%206%2FHistory%2FChapter%201-%20What%2C%20Where%2C%20How%20and%20When.pdf?alt=media&token=d929270b-562e-412b-84d0-47310beae70e",
                      "thumbnail": "Not Available",
                      "topicName": "History-Our Past"
                    },
                    {
                      "detail": "",
                      "id": "275",
                      "name": "Chapter 2- From Hunting – Gathering to Growing Food",
                      "offlineLink": "",
                      "offlineThumbnail": "",
                      "onlineLink": "https://firebasestorage.googleapis.com/v0/b/iprep-cad1e.appspot.com/o/Digital%20Books%2FSyllabus%20Books%2FNCERT%20Books%2FNCERT%20Books%20in%20English%2FSocial%20Science%2FClass%206%2FHistory%2FChapter%202-%20From%20Hunting%20%E2%80%93%20Gathering%20to%20Growing%20Food.pdf?alt=media&token=dfdda467-1cb0-482c-9adf-1f81a887e32d",
                      "thumbnail": "Not Available",
                      "topicName": "History-Our Past"
                    }
                  ]
                }
              ],
              "video_lessons": [
                {
                  "name": "What, Where, How and When?",
                  "topics": [
                    {
                      "detail": "",
                      "id": "4107",
                      "name": "Objectives - What, Where, How and When?",
                      "offlineLink": "",
                      "offlineThumbnail": "",
                      "onlineLink": "https://vimeo.com/392598575",
                      "thumbnail": "",
                      "topicName": "What, Where, How and When?"
                    },
                    {
                      "detail": "",
                      "id": "4108",
                      "name": "What and Where?",
                      "offlineLink": "",
                      "offlineThumbnail": "",
                      "onlineLink": "https://vimeo.com/392597933",
                      "thumbnail": "",
                      "topicName": "What, Where, How and When?"
                    },
                    {
                      "detail": "",
                      "id": "4109",
                      "name": "How?",
                      "offlineLink": "",
                      "offlineThumbnail": "",
                      "onlineLink": "https://vimeo.com/392598090",
                      "thumbnail": "",
                      "topicName": "What, Where, How and When?"
                    },
                    {
                      "detail": "",
                      "id": "4110",
                      "name": "When?",
                      "offlineLink": "",
                      "offlineThumbnail": "",
                      "onlineLink": "https://vimeo.com/392598349",
                      "thumbnail": "",
                      "topicName": "What, Where, How and When?"
                    },
                    {
                      "detail": "",
                      "id": "4111",
                      "name": "Summary - What, Where, How and When?",
                      "offlineLink": "",
                      "offlineThumbnail": "",
                      "onlineLink": "https://vimeo.com/392598619",
                      "thumbnail": "",
                      "topicName": "What, Where, How and When?"
                    }
                  ]
                },
                {
                  "name": "From Hunting-Gathering to Growing Food",
                  "topics": [
                    {
                      "detail": "",
                      "id": "4112",
                      "name": "Objectives - From Hunting-Gathering to Growing Food",
                      "offlineLink": "",
                      "offlineThumbnail": "",
                      "onlineLink": "https://vimeo.com/392653136",
                      "thumbnail": "",
                      "topicName": "From Hunting-Gathering to Growing Food"
                    },
                    {
                      "detail": "",
                      "id": "4113",
                      "name": "Hunter - Gatherers to Farmers",
                      "offlineLink": "",
                      "offlineThumbnail": "",
                      "onlineLink": "https://vimeo.com/392652784",
                      "thumbnail": "",
                      "topicName": "From Hunting-Gathering to Growing Food"
                    },
                    {
                      "detail": "",
                      "id": "4114",
                      "name": "Lives of Settlers and Different Tribes",
                      "offlineLink": "",
                      "offlineThumbnail": "",
                      "onlineLink": "https://vimeo.com/392652893",
                      "thumbnail": "",
                      "topicName": "From Hunting-Gathering to Growing Food"
                    },
                    {
                      "detail": "",
                      "id": "4115",
                      "name": "Two Neolithic Sites in The Subcontinent",
                      "offlineLink": "",
                      "offlineThumbnail": "",
                      "onlineLink": "https://vimeo.com/392653012",
                      "thumbnail": "",
                      "topicName": "From Hunting-Gathering to Growing Food"
                    },
                    {
                      "detail": "",
                      "id": "4116",
                      "name": "Summary - From Hunting-Gathering to Growing Food",
                      "offlineLink": "",
                      "offlineThumbnail": "",
                      "onlineLink": "https://vimeo.com/392653173",
                      "thumbnail": "",
                      "topicName": "From Hunting-Gathering to Growing Food"
                    }
                  ]
                }
              ]
            },
            "math": {
              "books_ncert": [
                {
                  "name": "Mathematics",
                  "topics": [
                    {
                      "detail": "",
                      "id": "297",
                      "name": "Index",
                      "offlineLink": "",
                      "offlineThumbnail": "",
                      "onlineLink": "https://firebasestorage.googleapis.com/v0/b/iprep-cad1e.appspot.com/o/Digital%20Books%2FSyllabus%20Books%2FNCERT%20Books%2FNCERT%20Books%20in%20English%2FMathematics%2FClass%206%2FIndex.pdf?alt=media&token=3a274d13-d7c6-434c-b60c-44cde3a65e1a",
                      "thumbnail": "Not Available",
                      "topicName": "Mathematics"
                    },
                    {
                      "detail": "",
                      "id": "298",
                      "name": "Chapter 1- Knowing Our Numbers",
                      "offlineLink": "",
                      "offlineThumbnail": "",
                      "onlineLink": "https://firebasestorage.googleapis.com/v0/b/iprep-cad1e.appspot.com/o/Digital%20Books%2FSyllabus%20Books%2FNCERT%20Books%2FNCERT%20Books%20in%20English%2FMathematics%2FClass%206%2FChapter%201-%20Knowing%20Our%20Numbers.pdf?alt=media&token=802c4bbe-ec77-4562-89f9-5b3bc05b7cee",
                      "thumbnail": "Not Available",
                      "topicName": "Mathematics"
                    }
                  ]
                }
              ],
              "video_lessons": [
                {
                  "name": "Symmetry",
                  "topics": [
                    {
                      "detail": "",
                      "id": "3048",
                      "name": "Introduction - Symmetry",
                      "offlineLink": "",
                      "offlineThumbnail": "",
                      "onlineLink": "https://vimeo.com/420794218",
                      "thumbnail": "",
                      "topicName": "Symmetry"
                    },
                    {
                      "detail": "",
                      "id": "3049",
                      "name": "Objectives - Symmetry",
                      "offlineLink": "",
                      "offlineThumbnail": "",
                      "onlineLink": "https://vimeo.com/420794297",
                      "thumbnail": "",
                      "topicName": "Symmetry"
                    },
                    {
                      "detail": "",
                      "id": "3050",
                      "name": "What is Symmetry?",
                      "offlineLink": "",
                      "offlineThumbnail": "",
                      "onlineLink": "https://vimeo.com/420794366",
                      "thumbnail": "",
                      "topicName": "Symmetry"
                    },
                    {
                      "detail": "",
                      "id": "3051",
                      "name": "Making Symmetric Figures I",
                      "offlineLink": "",
                      "offlineThumbnail": "",
                      "onlineLink": "https://vimeo.com/420794446",
                      "thumbnail": "",
                      "topicName": "Symmetry"
                    },
                    {
                      "detail": "",
                      "id": "3052",
                      "name": "Line of Symmetry",
                      "offlineLink": "",
                      "offlineThumbnail": "",
                      "onlineLink": "https://vimeo.com/420794560",
                      "thumbnail": "",
                      "topicName": "Symmetry"
                    },
                    {
                      "detail": "",
                      "id": "3053",
                      "name": "Making Symmetric Figures II",
                      "offlineLink": "",
                      "offlineThumbnail": "",
                      "onlineLink": "https://vimeo.com/420794683",
                      "thumbnail": "",
                      "topicName": "Symmetry"
                    },
                    {
                      "detail": "",
                      "id": "3054",
                      "name": "Figures With Two Lines of Symmetry",
                      "offlineLink": "",
                      "offlineThumbnail": "",
                      "onlineLink": "https://vimeo.com/420794754",
                      "thumbnail": "",
                      "topicName": "Symmetry"
                    },
                    {
                      "detail": "",
                      "id": "3055",
                      "name": "Figures With Multiple Lines of Symmetry",
                      "offlineLink": "",
                      "offlineThumbnail": "",
                      "onlineLink": "https://vimeo.com/420794854",
                      "thumbnail": "",
                      "topicName": "Symmetry"
                    },
                    {
                      "detail": "",
                      "id": "3056",
                      "name": "Symmetry in Geometric Figures",
                      "offlineLink": "",
                      "offlineThumbnail": "",
                      "onlineLink": "https://vimeo.com/420794961",
                      "thumbnail": "",
                      "topicName": "Symmetry"
                    },
                    {
                      "detail": "",
                      "id": "3057",
                      "name": "Reflection and Symmetry",
                      "offlineLink": "",
                      "offlineThumbnail": "",
                      "onlineLink": "https://vimeo.com/420795049",
                      "thumbnail": "",
                      "topicName": "Symmetry"
                    },
                    {
                      "detail": "",
                      "id": "3058",
                      "name": "Application of Reflectional Symmetry",
                      "offlineLink": "",
                      "offlineThumbnail": "",
                      "onlineLink": "https://vimeo.com/420795135",
                      "thumbnail": "",
                      "topicName": "Symmetry"
                    },
                    {
                      "detail": "",
                      "id": "3059",
                      "name": "Symmetry, Symmetry Everywhere!",
                      "offlineLink": "",
                      "offlineThumbnail": "",
                      "onlineLink": "https://vimeo.com/420795215",
                      "thumbnail": "",
                      "topicName": "Symmetry"
                    },
                    {
                      "detail": "",
                      "id": "3060",
                      "name": "Summary - Symmetry",
                      "offlineLink": "",
                      "offlineThumbnail": "",
                      "onlineLink": "https://vimeo.com/420795296",
                      "thumbnail": "",
                      "topicName": "Symmetry"
                    }
                  ]
                },
                {
                  "name": "Practical Geometry",
                  "topics": [
                    {
                      "detail": "",
                      "id": "3061",
                      "name": "Introduction - Practical Geometry",
                      "offlineLink": "",
                      "offlineThumbnail": "",
                      "onlineLink": "https://vimeo.com/420804876",
                      "thumbnail": "",
                      "topicName": "Practical Geometry"
                    },
                    {
                      "detail": "",
                      "id": "3062",
                      "name": "Objectives - Practical Geometry",
                      "offlineLink": "",
                      "offlineThumbnail": "",
                      "onlineLink": "https://vimeo.com/420805002",
                      "thumbnail": "",
                      "topicName": "Practical Geometry"
                    },
                    {
                      "detail": "",
                      "id": "3063",
                      "name": "Construction of Circles",
                      "offlineLink": "",
                      "offlineThumbnail": "",
                      "onlineLink": "https://vimeo.com/420805101",
                      "thumbnail": "",
                      "topicName": "Practical Geometry"
                    },
                    {
                      "detail": "",
                      "id": "3064",
                      "name": "One Circle",
                      "offlineLink": "",
                      "offlineThumbnail": "",
                      "onlineLink": "https://vimeo.com/420805192",
                      "thumbnail": "",
                      "topicName": "Practical Geometry"
                    },
                    {
                      "detail": "",
                      "id": "3065",
                      "name": "Two Intersecting Circles",
                      "offlineLink": "",
                      "offlineThumbnail": "",
                      "onlineLink": "https://vimeo.com/420805298",
                      "thumbnail": "",
                      "topicName": "Practical Geometry"
                    },
                    {
                      "detail": "",
                      "id": "3066",
                      "name": "Three Concentric Circles",
                      "offlineLink": "",
                      "offlineThumbnail": "",
                      "onlineLink": "https://vimeo.com/420805396",
                      "thumbnail": "",
                      "topicName": "Practical Geometry"
                    },
                    {
                      "detail": "",
                      "id": "3067",
                      "name": "Construction of Line Segment",
                      "offlineLink": "",
                      "offlineThumbnail": "",
                      "onlineLink": "https://vimeo.com/420805500",
                      "thumbnail": "",
                      "topicName": "Practical Geometry"
                    },
                    {
                      "detail": "",
                      "id": "3068",
                      "name": "Construction of Perpendicular to a Line",
                      "offlineLink": "",
                      "offlineThumbnail": "",
                      "onlineLink": "https://vimeo.com/420805588",
                      "thumbnail": "",
                      "topicName": "Practical Geometry"
                    },
                    {
                      "detail": "",
                      "id": "3069",
                      "name": "Perpendicular Through a Point on The Line",
                      "offlineLink": "",
                      "offlineThumbnail": "",
                      "onlineLink": "https://vimeo.com/420805668",
                      "thumbnail": "",
                      "topicName": "Practical Geometry"
                    },
                    {
                      "detail": "",
                      "id": "3070",
                      "name": "Perpendicular Through a Point Outside The Line",
                      "offlineLink": "",
                      "offlineThumbnail": "",
                      "onlineLink": "https://vimeo.com/420805753",
                      "thumbnail": "",
                      "topicName": "Practical Geometry"
                    },
                    {
                      "detail": "",
                      "id": "3071",
                      "name": "Construction of Perpendicular Bisector of Line Segment",
                      "offlineLink": "",
                      "offlineThumbnail": "",
                      "onlineLink": "https://vimeo.com/420805855",
                      "thumbnail": "",
                      "topicName": "Practical Geometry"
                    },
                    {
                      "detail": "",
                      "id": "3072",
                      "name": "Construction of Bisector of Angle",
                      "offlineLink": "",
                      "offlineThumbnail": "",
                      "onlineLink": "https://vimeo.com/420805957",
                      "thumbnail": "",
                      "topicName": "Practical Geometry"
                    },
                    {
                      "detail": "",
                      "id": "3073",
                      "name": "Construction of Angles",
                      "offlineLink": "",
                      "offlineThumbnail": "",
                      "onlineLink": "https://vimeo.com/420806058",
                      "thumbnail": "",
                      "topicName": "Practical Geometry"
                    },
                    {
                      "detail": "",
                      "id": "3074",
                      "name": "Construction of Angles : 30, 60 and 120 Degree Angles",
                      "offlineLink": "",
                      "offlineThumbnail": "",
                      "onlineLink": "https://vimeo.com/420806162",
                      "thumbnail": "",
                      "topicName": "Practical Geometry"
                    },
                    {
                      "detail": "",
                      "id": "3075",
                      "name": "Summary - Practical Geometry",
                      "offlineLink": "",
                      "offlineThumbnail": "",
                      "onlineLink": "https://vimeo.com/420806287",
                      "thumbnail": "",
                      "topicName": "Practical Geometry"
                    }
                  ]
                }
              ]
            },
            "science": {
              "books_ncert": [
                {
                  "name": "Science",
                  "topics": [
                    {
                      "detail": "",
                      "id": "314",
                      "name": "Index",
                      "offlineLink": "",
                      "offlineThumbnail": "",
                      "onlineLink": "https://firebasestorage.googleapis.com/v0/b/iprep-cad1e.appspot.com/o/Digital%20Books%2FSyllabus%20Books%2FNCERT%20Books%2FNCERT%20Books%20in%20English%2FScience%2FClass%206%2FIndex.pdf?alt=media&token=83134579-f79b-4fd0-b4d6-040ddd556912",
                      "thumbnail": "Not Available",
                      "topicName": "Science"
                    },
                    {
                      "detail": "",
                      "id": "315",
                      "name": "Chapter 1- Food- Where Does It Come From?",
                      "offlineLink": "",
                      "offlineThumbnail": "",
                      "onlineLink": "https://firebasestorage.googleapis.com/v0/b/iprep-cad1e.appspot.com/o/Digital%20Books%2FSyllabus%20Books%2FNCERT%20Books%2FNCERT%20Books%20in%20English%2FScience%2FClass%206%2FChapter%201-%20Food-%20Where%20Does%20It%20Come%20From.pdf?alt=media&token=a9083cae-d408-4723-a305-bb9dc2519f4b",
                      "thumbnail": "Not Available",
                      "topicName": "Science"
                    }
                  ]
                }
              ],
              "video_lessons": [
                {
                  "name": "Air Around Us III",
                  "topics": [
                    {
                      "detail": "",
                      "id": "1367",
                      "name": "Introduction - Air and its Pollution",
                      "offlineLink": "",
                      "offlineThumbnail": "",
                      "onlineLink": "https://vimeo.com/442494870",
                      "thumbnail": "",
                      "topicName": "Air Around Us III"
                    },
                    {
                      "detail": "",
                      "id": "1368",
                      "name": "Objectives - Air and its Pollution",
                      "offlineLink": "",
                      "offlineThumbnail": "",
                      "onlineLink": "https://vimeo.com/442494985",
                      "thumbnail": "",
                      "topicName": "Air Around Us III"
                    },
                    {
                      "detail": "",
                      "id": "1369",
                      "name": "Earth’s Atmosphere",
                      "offlineLink": "",
                      "offlineThumbnail": "",
                      "onlineLink": "https://vimeo.com/442495046",
                      "thumbnail": "",
                      "topicName": "Air Around Us III"
                    },
                    {
                      "detail": "",
                      "id": "1370",
                      "name": "Air in Water",
                      "offlineLink": "",
                      "offlineThumbnail": "",
                      "onlineLink": "https://vimeo.com/442495225",
                      "thumbnail": "",
                      "topicName": "Air Around Us III"
                    },
                    {
                      "detail": "",
                      "id": "1371",
                      "name": "Air in Soil",
                      "offlineLink": "",
                      "offlineThumbnail": "",
                      "onlineLink": "https://vimeo.com/442495436",
                      "thumbnail": "",
                      "topicName": "Air Around Us III"
                    },
                    {
                      "detail": "",
                      "id": "1372",
                      "name": "Refilling of Oxygen in The Atmosphere",
                      "offlineLink": "",
                      "offlineThumbnail": "",
                      "onlineLink": "https://vimeo.com/442495533",
                      "thumbnail": "",
                      "topicName": "Air Around Us III"
                    },
                    {
                      "detail": "",
                      "id": "1373",
                      "name": "What if the Refilling is not up to the Mark?",
                      "offlineLink": "",
                      "offlineThumbnail": "",
                      "onlineLink": "https://vimeo.com/442495631",
                      "thumbnail": "",
                      "topicName": "Air Around Us III"
                    },
                    {
                      "detail": "",
                      "id": "1374",
                      "name": "Air Pollution : its Reasons and Effects",
                      "offlineLink": "",
                      "offlineThumbnail": "",
                      "onlineLink": "https://vimeo.com/442495740",
                      "thumbnail": "",
                      "topicName": "Air Around Us III"
                    },
                    {
                      "detail": "",
                      "id": "1375",
                      "name": "Prevention of Air Pollution",
                      "offlineLink": "",
                      "offlineThumbnail": "",
                      "onlineLink": "https://vimeo.com/442495850",
                      "thumbnail": "",
                      "topicName": "Air Around Us III"
                    },
                    {
                      "detail": "",
                      "id": "1376",
                      "name": "Summary - Air and its Pollution",
                      "offlineLink": "",
                      "offlineThumbnail": "",
                      "onlineLink": "https://vimeo.com/442495935",
                      "thumbnail": "",
                      "topicName": "Air Around Us III"
                    }
                  ]
                },
                {
                  "name": "Garbage In, Garbage Out",
                  "topics": [
                    {
                      "detail": "",
                      "id": "1377",
                      "name": "Introduction - Garbage In, Garbage Out",
                      "offlineLink": "",
                      "offlineThumbnail": "",
                      "onlineLink": "https://vimeo.com/442501329",
                      "thumbnail": "",
                      "topicName": "Garbage In, Garbage Out"
                    },
                    {
                      "detail": "",
                      "id": "1378",
                      "name": "Objectives - Garbage In, Garbage Out",
                      "offlineLink": "",
                      "offlineThumbnail": "",
                      "onlineLink": "https://vimeo.com/442501451",
                      "thumbnail": "",
                      "topicName": "Garbage In, Garbage Out"
                    },
                    {
                      "detail": "",
                      "id": "1379",
                      "name": "Biodegradable and Non Biodegradable Waste",
                      "offlineLink": "",
                      "offlineThumbnail": "",
                      "onlineLink": "https://vimeo.com/442501517",
                      "thumbnail": "",
                      "topicName": "Garbage In, Garbage Out"
                    },
                    {
                      "detail": "",
                      "id": "1380",
                      "name": "Methods of Waste Disposal",
                      "offlineLink": "",
                      "offlineThumbnail": "",
                      "onlineLink": "https://vimeo.com/442501698",
                      "thumbnail": "",
                      "topicName": "Garbage In, Garbage Out"
                    },
                    {
                      "detail": "",
                      "id": "1381",
                      "name": "Compost",
                      "offlineLink": "",
                      "offlineThumbnail": "",
                      "onlineLink": "https://vimeo.com/442501796",
                      "thumbnail": "",
                      "topicName": "Garbage In, Garbage Out"
                    },
                    {
                      "detail": "",
                      "id": "1382",
                      "name": "Vermicompost",
                      "offlineLink": "",
                      "offlineThumbnail": "",
                      "onlineLink": "https://vimeo.com/442501954",
                      "thumbnail": "",
                      "topicName": "Garbage In, Garbage Out"
                    },
                    {
                      "detail": "",
                      "id": "1383",
                      "name": "Recycling of Paper",
                      "offlineLink": "",
                      "offlineThumbnail": "",
                      "onlineLink": "https://vimeo.com/442502079",
                      "thumbnail": "",
                      "topicName": "Garbage In, Garbage Out"
                    },
                    {
                      "detail": "",
                      "id": "1384",
                      "name": "Disposal of Non Biodegradable Waste",
                      "offlineLink": "",
                      "offlineThumbnail": "",
                      "onlineLink": "https://vimeo.com/442502184",
                      "thumbnail": "",
                      "topicName": "Garbage In, Garbage Out"
                    },
                    {
                      "detail": "",
                      "id": "1385",
                      "name": "Plastic : A Harmful Waste",
                      "offlineLink": "",
                      "offlineThumbnail": "",
                      "onlineLink": "https://vimeo.com/442502249",
                      "thumbnail": "",
                      "topicName": "Garbage In, Garbage Out"
                    },
                    {
                      "detail": "",
                      "id": "1386",
                      "name": "Summary - Garbage In, Garbage Out",
                      "offlineLink": "",
                      "offlineThumbnail": "",
                      "onlineLink": "https://vimeo.com/442502462",
                      "thumbnail": "",
                      "topicName": "Garbage In, Garbage Out"
                    }
                  ]
                }
              ]
            }
          }
        }
      }
    }
  }
}